<threat>
	<waveform>
		<wf_sample>3</wf_sample>
		<wf_sample>4</wf_sample>
		<wf_sample>3</wf_sample>
		<wf_sample>5</wf_sample>
		<wf_sample>7</wf_sample>
		<wf_sample>14</wf_sample>
		<wf_sample>23</wf_sample>
		<wf_sample>34</wf_sample>
		<wf_sample>35</wf_sample>
		<wf_sample>32</wf_sample>
		<wf_sample>19</wf_sample>
		<wf_sample>11</wf_sample>
		<wf_sample>7</wf_sample>
		<wf_sample>3</wf_sample>
		<wf_sample>4</wf_sample>
		<wf_sample>4</wf_sample>
		<wf_sample>3</wf_sample>
		<wf_sample>5</wf_sample>
		<wf_sample>4</wf_sample>
		<wf_sample>5</wf_sample>
		<wf_sample>3</wf_sample>
		<wf_sample>2</wf_sample>
		<wf_sample>2</wf_sample>
		<wf_sample>3</wf_sample>
		<wf_sample>1</wf_sample>
	</waveform>
	<velocity>200.0</velocity>
	<jamcode>1</jamcode>
</threat>
<threat>
	<waveform>
		<wf_sample>3</wf_sample>
		<wf_sample>4</wf_sample>
		<wf_sample>4</wf_sample>
		<wf_sample>3</wf_sample>
		<wf_sample>2</wf_sample>
		<wf_sample>4</wf_sample>
		<wf_sample>2</wf_sample>
		<wf_sample>2</wf_sample>
		<wf_sample>4</wf_sample>
		<wf_sample>3</wf_sample>
		<wf_sample>3</wf_sample>
		<wf_sample>4</wf_sample>
		<wf_sample>5</wf_sample>
		<wf_sample>2</wf_sample>
		<wf_sample>3</wf_sample>
		<wf_sample>4</wf_sample>
		<wf_sample>2</wf_sample>
		<wf_sample>14</wf_sample>
		<wf_sample>32</wf_sample>
		<wf_sample>35</wf_sample>
		<wf_sample>23</wf_sample>
		<wf_sample>5</wf_sample>
		<wf_sample>2</wf_sample>
		<wf_sample>3</wf_sample>
		<wf_sample>3</wf_sample>
	</waveform>
	<velocity>315.0</velocity>
	<jamcode>2</jamcode>
</threat>
